Team,Player,Position,B/T,Ht,B,T
Hagerstown,Ethan Brown,P,,,L,L
Hagerstown,MacCallan Conklin,P,,,R,R
Hagerstown,Jonh Henriquez,P,,,R,R
Hagerstown,Anthony Imhoff,P,,6-8,L,L
Hagerstown,Rafael Kelly,P,,6-3,R,R
Hagerstown,Casey Marshalwitz,P,,6-1,L,R
Hagerstown,Quinton Martinez,P,,6-4,L,L
Hagerstown,Branden Noriega,P,,6-2,L,L
Hagerstown,Carlo Reyes,P,,,R,R
Hagerstown,Jake Shapley,P,,,R,R
Hagerstown,Andrew Simone,P,,,R,R
Hagerstown,Jack Weisenburger,P,,6-3,R,R
Hagerstown,Robby Barham,C,,,R,R
Hagerstown,Mark Black,C,,5-11,R,R
Hagerstown,Kevin Saenz Jr.,C,,,R,R
Hagerstown,Osvaldo Abreu,IF,,6-0,R,R
Hagerstown,Justin Acal,IF,,5-10,R,R
Hagerstown,Dariel Gomez,IF,,6-4,L,R
Hagerstown,Dante Leach,IF,,5-10,S,R
Hagerstown,Gary Mattis,IF,,5-11,R,R
Hagerstown,Blake Mayberry,IF,,6-1,R,R
Hagerstown,Cary Arbolida,OF,,6-1,R,R
Hagerstown,Bryce Cannon,OF,,6-3,L,L
Hagerstown,Marty Costes,OF,,5-9,R,R
Hagerstown,Aaron Takacs,OF,,6-4,L,R
Hagerstown,Tyler Williams,OF,,6-3,R,R
Hagerstown,David Richardson,P,,5-11,R,R
Hagerstown,Cam Williams,IF,,6-1,S,R
Lancaster,A.J. Alexy,P,,6-5,R,R
Lancaster,Noah Bremer,P,,6-5,R,R
Lancaster,Tim Brennan,P,,6-4,R,R
Lancaster,Phillip Diehl,P,,6-2,L,L
Lancaster,Scott Engler,P,,6-3,R,R
Lancaster,Max Green,P,,6-1,L,L
Lancaster,Kyle Johnson,P,,6-5,R,R
Lancaster,Michael McAvene,P,,6-3,R,R
Lancaster,Luke McCollough,P,,6-3,L,R
Lancaster,Jackson Rees,P,,6-5,R,R
Lancaster,Noah Skirrow,P,,6-3,R,R
Lancaster,Billy Sullivan,P,,6-2,R,R
Lancaster,Matt Swarmer,P,,6-5,R,R
Lancaster,Alex Isola,C,,6-1,R,R
Lancaster,Andrew Semo,C,,6-0,R,R
Lancaster,Joseph Carpenter,1B,,6-2,R,R
Lancaster,Yeison Coca,IF,,5-11,S,R
Lancaster,Mason Martin,1B,,6-0,L,R
Lancaster,Slater Schield,IF,,6-1,R,R
Lancaster,Nick Ward,IF,,5-9,L,R
Lancaster,Evan Alexander,OF,,6-3,L,L
Lancaster,Kevin Watson Jr.,OF,,,L,R
Lancaster,Joe Campagna,U,,5-11,R,R
Lancaster,Scott Kelly,U,,5-10,R,R
Lancaster,Nick Lucky,U,,6-0,L,R
Lancaster,Daniel Amaral,OF,,6-0,R,R
Lancaster,Alex Garbrick,P,,6-1,R,R
Lancaster,Keylan Killgore,P,,6-3,L,L
Lancaster,Trace Loehr,IF,,5-10,L,R
Lancaster,Ariel Sandoval,OF,,6-2,R,R
Long Island,Justin Alintoff,P,,6-2,R,R
Long Island,Jacob Asa,P,,6-4,R,R
Long Island,Brad Case,P,,6-7,R,R
Long Island,Nolan Clenney,P,,6-2,L,R
Long Island,Jonah Dipoto,P,,6-1,R,R
Long Island,Juan Hillman,P,,6-1,L,L
Long Island,Ryan Langford,P,,6-1,R,R
Long Island,Tim Melville,P,,6-4,R,R
Long Island,Braydon Nelson,P,,6-5,R,R
Long Island,Michael Reed,P,,6-4,S,R
Long Island,Sal Romano,P,,6-5,L,R
Long Island,Ryan Sandberg,P,,6-0,R,R
Long Island,Ramon Santos,P,,6-3,R,R
Long Island,Aaron Antonini,C,,6-0,S,R
Long Island,Austin Bates,C,,5-10,R,R
Long Island,Ronaldo Flores,C,,6-0,R,R
Long Island,Seth Beer,IF,,6-3,L,R
Long Island,Ivan Castillo,IF,,5-10,S,R
Long Island,Ed Johnson,IF,,6-1,R,R
Long Island,Kole Kaler,IF,,5-10,S,R
Long Island,Troy Viola,IF,,6-2,R,R
Long Island,JC Encarnacion,OF,,6-3,R,R
Long Island,Taylor Kohlwey,OF,,6-2,L,L
Long Island,Chris Roller,OF,,6-0,R,R
Long Island,Cody Thomas,OF,,6-5,L,R
Long Island,River Town,OF,,5-11,L,R
Long Island,David Griffin,P,,6-0,R,R
Long Island,Mark Mathias,IF,,6-0,R,R
Long Island,Keynan Middleton,P,,6-3,R,R
Long Island,Justin OConner,C,,6-0,R,R
Long Island,Sterling Sharp,P,,6-3,R,R
Long Island,Peyton Williams,P,,6-2,R,R
State Island,Robbie Baker,P,,6-2,R,R
State Island,Durbin Feltman,P,,6-0,R,R
State Island,Clay Helvey,P,,6-3,R,R
State Island,Leandro Hernandez,P,,6-1,R,R
State Island,Ryan Kehoe,P,,6-0,R,R
State Island,Trayson Kubo,P,,6-0,R,R
State Island,Alex Mack,P,,6-5,R,R
State Island,James Meeker,P,,6-5,R,R
State Island,Reinier Parra,P,,6-0,R,R
State Island,Matt Reitz,P,,6-2,R,R
State Island,Nate Roe,P,,6-1,R,R
State Island,Wesley Scott,P,,6-1,R,R
State Island,Kirby Snead,P,,6-1,L,L
State Island,Matt Zguro,P,,6-1,R,R
State Island,Brandon Martorano,C,,6-2,R,R
State Island,David Melfi,C,,5-11,R,R
State Island,Matthew Scheffler,C,,6-2,R,R
State Island,Eddy Diaz,IF,,6-0,R,R
State Island,Drew Maggi,IF,,5-11,R,R
State Island,Alberto Osuna,IF,,6-1,R,R
State Island,Cristhian Rodriguez,IF,,6-3,L,R
State Island,Pablo Sandoval,IF,,5-10,L,R
State Island,Vaun Brown,OF,,6-0,R,R
State Island,Mark Contreras,OF,,5-11,L,R
State Island,Tyler Dearden,LF,,6-2,R,R
State Island,Kolby Johnson,OF,,5-6,R,L
State Island,Christian Allegretti,P,,5-11,L,L
State Island,Nicholas Decker,OF,,6-0,L,L
York,Alex Bustamante,P,,6-3,R,R
York,Brendan Cellucci,P,,6-4,L,L
York,Ian Churchill,P,,6-2,L,L
York,Danny Denz,P,,5-9,L,L
York,Ethan Firoved,P,,6-0,L,L
York,Mike Kickham,P,,6-4,L,L
York,Nick Mikolajchak,P,,6-2,R,R
York,Kevin Miranda,P,,5-10,R,R
York,Josh Mollerus,P,,6-3,R,R
York,Jordan Morales,P,,5-10,R,L
York,Cam Robinson,P,,6-0,R,R
York,Grayson Thurman,P,,6-3,R,R
York,Alex Valverde,P,,6-3,R,R
York,William Simoneit,C,,6-3,R,R
York,Chris Williams,C,,5-11,R,R
York,Jeremy Arocho,IF,,5-8,S,R
York,Ryan Higgins,3B,,6-1,R,R
York,Brandon Lewis,3B,,6-2,R,R
York,Caleb McNeely,IF,,6-1,R,R
York,Jalen Miller,2B,,6-0,R,R
York,Jeffrey Wehler,IF,,6-0,R,R
York,Bubba Alleyne,OF,,5-8,S,R
York,Justin Connell,OF,,6-2,R,R
York,Jaylin Davis,OF,,5-11,R,R
York,Shayne Fontana,OF,,6-2,L,L
York,Noah Denoyer,P,,6-5,S,R
York,Adalberto Flores,P,,,R,R
York,Lukas Galdoni,P,,6-4,L,R
York,Michael Horrell,P,,6-3,R,R
York,Foster Pace,P,,5-11,R,R
York,Alerick Soularie,OF,,6-0,R,R
York,Frankie Tostado,1B,,6-2,L,L
Charleston,Reibyn Corona,P,,,R,R
Charleston,Eddy Demurias,P,,,R,R
Charleston,Anthony Diaz,P,,,R,R
Charleston,Jamison Hill,P,,,R,R
Charleston,David Lebron,P,,,R,R
Charleston,Alejandro Lugo,P,,,R,R
Charleston,Lance Lusk,P,,,R,R
Charleston,Juan Martinez,P,,,R,R
Charleston,Frank Moscatiello,P,,,R,R
Charleston,Samuel Reyes,P,,,R,R
Charleston,Edison Suriel,P,,5-10,L,L
Charleston,Franklin Van Gurp,P,,6-1,R,R
Charleston,Luis de Avila,P,,,L,L
Charleston,Joe DeLuca,C,,6-3,S,R
Charleston,Ariel Pestano Jr.,C,,,R,R
Charleston,Alan Alonso,IF,,,R,R
Charleston,Keon Barnum,1B,,6-5,L,L
Charleston,Benjamin Blackwell,IF,,,R,R
Charleston,Travis Demeritte,IF,,,R,R
Charleston,James Nelson,IF,,,R,R
Charleston,Joseph Rosa,IF,,5-10,S,R
Charleston,Alsander Womack,2B,,,R,R
Charleston,Zach Daniels,OF,,,R,R
Charleston,Demetrius Moorer,OF,,5-9,R,R
Charleston,Chad Sedio,OF,,6-3,L,R
Charleston,Carlos Meza,P,,,L,L
Gastonia,Bryan Blanton,P,,6-0,R,R
Gastonia,Connor Grey,P,,,R,R
Gastonia,Matt Hartman,P,,,R,R
Gastonia,Kent Hasler,P,,5-10,R,R
Gastonia,Ryan Hennen,P,,,R,L
Gastonia,Nick Horvath,P,,,R,L
Gastonia,Thomas King,P,,,R,R
Gastonia,Cory Thompson,P,,5-11,R,R
Gastonia,Duane Underwood Jr.,P,,,R,R
Gastonia,Art Warren,P,,,R,R
Gastonia,Nick Wells,P,,6-5,L,L
Gastonia,John Wilson,P,,,L,L
Gastonia,Alexis Olmeda,C,,6-0,R,R
Gastonia,Henderson Perez,C,,5-11,R,R
Gastonia,Carter Aldrete,IF,,,R,R
Gastonia,Jonny Barditch,IF,,,R,R
Gastonia,Dalton Guthrie,IF,,,R,R
Gastonia,Jack Reinheimer,IF,,6-1,R,R
Gastonia,Ethan Skender,IF,,,R,R
Gastonia,Justin Wylie,IF,,5-10,R,R
Gastonia,Narciso Crook,OF,,,R,R
Gastonia,Eric De La Rosa,OF,,6-3,R,R
Gastonia,Cole Roederer,OF,,,L,L
Gastonia,Nate Scantlin,OF,,6-0,L,R
Gastonia,Raynel Espinal,P,,6-4,R,R
Gastonia,Ljay Newsome,P,,5-11,R,R
Gastonia,Adam Scott,P,,,L,L
Gastonia,Cas Silber,P,,5-11,R,R
Gastonia,Kevin Smith,P,,,R,L
High Point,Daniel Blair,P,,,R,R
High Point,Cam Cotter,P,,,R,R
High Point,Mike Devine,P,,6-0,R,R
High Point,Jake Gilbert,P,,,R,R
High Point,Kyle Halbohn,P,,6-8,R,R
High Point,David Hess,P,,,R,R
High Point,Gabe Klobosits,P,,,R,R
High Point,Jameson McGrane,P,,,R,R
High Point,Scott Rouse,P,,,R,R
High Point,Jonah Scolaro,P,,5-9,L,L
High Point,Win Scott,P,,,L,L
High Point,Erich Uelmen,P,,,R,R
High Point,Zach Vennaro,P,,6-6,R,R
High Point,Ben Wereski,P,,,L,L
High Point,Luke Napleton,C,,,R,R
High Point,Aidan Brewer,IF,,,R,R
High Point,D.J. Burt,IF,,,R,R
High Point,Braxton Davidson,IF,,,L,L
High Point,Nick Longhi,1B,,,R,L
High Point,Max Viera,IF,,,R,R
High Point,Ben Aklinski,OF,,,R,R
High Point,Alex Dickerson,OF,,,L,L
High Point,Luis Gonzalez,OF,,,L,L
High Point,Cody Wilson,OF,,,R,R
High Point,Drew Mendoza,U,,,L,R
High Point,Cooper Casad,P,,,R,R
High Point,Sam Clay,P,,,L,L
High Point,Nolan Watson,C,,,R,R
Lexington,John Armstrong,P,,5-11,R,R
Lexington,Julio Dilone,P,,6-1,R,R
Lexington,Colton Eastman,P,,6-0,R,R
Lexington,Christian Edwards,P,,6-3,R,R
Lexington,Ben Ferrer,P,,6-0,R,R
Lexington,Simon Gregersen,P,,6-3,R,R
Lexington,Jonathan Haab,P,,6-3,R,R
Lexington,Carson Lambert,P,,6-4,L,R
Lexington,Jimmy Loper,P,,6-4,R,R
Lexington,Jack Lynch,P,,5-11,L,L
Lexington,Patrick Wicklander,P,,6-1,R,L
Lexington,Brian Zeldin,P,,5-11,R,R
Lexington,Jerry Huntzinger,C,,6-2,R,R
Lexington,Isaias Quiroz,C,,6-0,R,R
Lexington,Andy Atwood,IF,,6-1,R,R
Lexington,Mason Dinesen,IF,,6-4,R,R
Lexington,Brian Fuentes,IF,,5-10,R,R
Lexington,Curtis Terry,IF,,6-1,R,R
Lexington,Paul Winland,IF,,6-2,L,R
Lexington,EJ Cumbo,OF,,5-8,L,L
Lexington,Pedro Gonzalez,OF,,6-6,R,R
Lexington,Ryan McCarthy,OF,,6-3,L,R
Lexington,Xane Washington,OF,,5-11,S,R
Lexington,Jose Acosta,P,,6-0,L,L
Lexington,Dustin Beggs,P,,6-3,R,R
Lexington,Wilton Castillo,P,,6-8,R,R
Lexington,JT Riddle,IF,,6-1,L,R
Lexington,Dylan Rock,OF,,6-0,R,R
Lexington,Brady Whalen,U,,6-5,L,R
Southern Maryland,Maceo Campbell,P,,,R,R
Southern Maryland,Joey Hennessey,P,,6-4,R,R
Southern Maryland,Garrett Martin,P,,,R,R
Southern Maryland,Brandon McCabe,P,,,R,R
Southern Maryland,Jalen Miller,P,,6-0,R,R
Southern Maryland,Connor Overton,P,,6-0,R,R
Southern Maryland,Dalton Ross,P,,6-4,R,R
Southern Maryland,Andre Scrubb,P,,6-4,R,R
Southern Maryland,Shawn Semple,P,,6-1,R,R
Southern Maryland,Cody Thompson,P,,6-3,R,R
Southern Maryland,Andrew Thurman,P,,,R,R
Southern Maryland,Rafi Vazquez,P,,,R,R
Southern Maryland,Jarod Wright,P,,,R,R
Southern Maryland,Lyle Lin,C,,,R,R
Southern Maryland,Ryan McCarthy,C,,,R,R
Southern Maryland,Brett Barrera,3B,,6-0,R,R
Southern Maryland,Jamari Baylor,IF,,5-10,R,R
Southern Maryland,Sam Dexter,SS,,5-11,R,R
Southern Maryland,Giovanni Digiacomo,OF,,,L,L
Southern Maryland,Pearce Howard,OF,,6-3,L,R
Southern Maryland,Ethan Wilson,RF,,,L,L
Southern Maryland,Cael Chatham,U,,,L,R
Southern Maryland,Alejandro De Aza,U,,,L,L
Southern Maryland,Dondrei Hubbard,U,,,R,R
Southern Maryland,Jackson Loftin,U,,6-2,R,R
Southern Maryland,Zach Racusin,U,,6-0,R,R
