season,season_id,division,team,team_id,team_url
World Series 2021,34182,North,Lancaster Barnstormers,3613,https://baseball.pointstreak.com/team_home.html?teamid=3613&seasonid=34182
World Series 2021,34182,North,Long Island Ducks,3609,https://baseball.pointstreak.com/team_home.html?teamid=3609&seasonid=34182
World Series 2021,34182,North,Southern Maryland Blue Crabs,3608,https://baseball.pointstreak.com/team_home.html?teamid=3608&seasonid=34182
World Series 2021,34182,North,Staten Island Ferry Hawks,163526,https://baseball.pointstreak.com/team_home.html?teamid=163526&seasonid=34182
World Series 2021,34182,North,York Revolution,3614,https://baseball.pointstreak.com/team_home.html?teamid=3614&seasonid=34182
World Series 2021,34182,South,Charleston Dirty Birds,163527,https://baseball.pointstreak.com/team_home.html?teamid=163527&seasonid=34182
World Series 2021,34182,South,Gastonia Honey Hunters,163528,https://baseball.pointstreak.com/team_home.html?teamid=163528&seasonid=34182
World Series 2021,34182,South,High Point Rockers,163529,https://baseball.pointstreak.com/team_home.html?teamid=163529&seasonid=34182
World Series 2021,34182,South,Lexington Legends,163530,https://baseball.pointstreak.com/team_home.html?teamid=163530&seasonid=34182
World Series 2021,34182,South,Spire City Ghost Hounds,165441,https://baseball.pointstreak.com/team_home.html?teamid=165441&seasonid=34182
ALPB- 2023,34162,North,Lancaster Barnstormers,3613,https://baseball.pointstreak.com/team_home.html?teamid=3613&seasonid=34162
ALPB- 2023,34162,North,Long Island Ducks,3609,https://baseball.pointstreak.com/team_home.html?teamid=3609&seasonid=34162
ALPB- 2023,34162,North,Southern Maryland Blue Crabs,3608,https://baseball.pointstreak.com/team_home.html?teamid=3608&seasonid=34162
ALPB- 2023,34162,North,Staten Island Ferry Hawks,163526,https://baseball.pointstreak.com/team_home.html?teamid=163526&seasonid=34162
ALPB- 2023,34162,North,York Revolution,3614,https://baseball.pointstreak.com/team_home.html?teamid=3614&seasonid=34162
ALPB- 2023,34162,South,Charleston Dirty Birds,163527,https://baseball.pointstreak.com/team_home.html?teamid=163527&seasonid=34162
ALPB- 2023,34162,South,Gastonia Honey Hunters,163528,https://baseball.pointstreak.com/team_home.html?teamid=163528&seasonid=34162
ALPB- 2023,34162,South,High Point Rockers,163529,https://baseball.pointstreak.com/team_home.html?teamid=163529&seasonid=34162
ALPB- 2023,34162,South,Lexington Counter Clocks,163530,https://baseball.pointstreak.com/team_home.html?teamid=163530&seasonid=34162
ALPB- 2023,34162,South,Spire City Ghost Hounds,165441,https://baseball.pointstreak.com/team_home.html?teamid=165441&seasonid=34162
ALPB- 2022,34154,North,Lancaster Barnstormers,3613,https://baseball.pointstreak.com/team_home.html?teamid=3613&seasonid=34154
ALPB- 2022,34154,North,Long Island Ducks,3609,https://baseball.pointstreak.com/team_home.html?teamid=3609&seasonid=34154
ALPB- 2022,34154,North,Southern Maryland Blue Crabs,3608,https://baseball.pointstreak.com/team_home.html?teamid=3608&seasonid=34154
ALPB- 2022,34154,North,Staten Island Ferry Hawks,163526,https://baseball.pointstreak.com/team_home.html?teamid=163526&seasonid=34154
ALPB- 2022,34154,North,York Revolution,3614,https://baseball.pointstreak.com/team_home.html?teamid=3614&seasonid=34154
ALPB- 2022,34154,South,Charleston Dirty Birds,163527,https://baseball.pointstreak.com/team_home.html?teamid=163527&seasonid=34154
ALPB- 2022,34154,South,Gastonia Honey Hunters,163528,https://baseball.pointstreak.com/team_home.html?teamid=163528&seasonid=34154
ALPB- 2022,34154,South,High Point Rockers,163529,https://baseball.pointstreak.com/team_home.html?teamid=163529&seasonid=34154
ALPB- 2022,34154,South,Kentucky Wild Health Genomes,165440,https://baseball.pointstreak.com/team_home.html?teamid=165440&seasonid=34154
ALPB- 2022,34154,South,Lexington Legends,163530,https://baseball.pointstreak.com/team_home.html?teamid=163530&seasonid=34154
Playoffs 2021,34152,North,Long Island Ducks,3609,https://baseball.pointstreak.com/team_home.html?teamid=3609&seasonid=34152
Playoffs 2021,34152,North,Southern Maryland Blue Crabs,3608,https://baseball.pointstreak.com/team_home.html?teamid=3608&seasonid=34152
Playoffs 2021,34152,South,Charleston Dirty Birds,163527,https://baseball.pointstreak.com/team_home.html?teamid=163527&seasonid=34152
Playoffs 2021,34152,South,Lexington Legends,163530,https://baseball.pointstreak.com/team_home.html?teamid=163530&seasonid=34152
ALPB- 2021,34146,North,Lancaster Barnstormers,3613,https://baseball.pointstreak.com/team_home.html?teamid=3613&seasonid=34146
ALPB- 2021,34146,North,Long Island Ducks,3609,https://baseball.pointstreak.com/team_home.html?teamid=3609&seasonid=34146
ALPB- 2021,34146,North,Southern Maryland Blue Crabs,3608,https://baseball.pointstreak.com/team_home.html?teamid=3608&seasonid=34146
ALPB- 2021,34146,North,York Revolution,3614,https://baseball.pointstreak.com/team_home.html?teamid=3614&seasonid=34146
ALPB- 2021,34146,South,Charleston Dirty Birds,163527,https://baseball.pointstreak.com/team_home.html?teamid=163527&seasonid=34146
ALPB- 2021,34146,South,Gastonia Honey Hunters,163528,https://baseball.pointstreak.com/team_home.html?teamid=163528&seasonid=34146
ALPB- 2021,34146,South,High Point Rockers,163529,https://baseball.pointstreak.com/team_home.html?teamid=163529&seasonid=34146
ALPB- 2021,34146,South,Lexington Legends,163530,https://baseball.pointstreak.com/team_home.html?teamid=163530&seasonid=34146
All Star Game 2019,34134,All-Star,Freedom Division All-Stars,127990,https://baseball.pointstreak.com/team_home.html?teamid=127990&seasonid=34134
All Star Game 2019,34134,All-Star,Liberty Division All-Stars,127991,https://baseball.pointstreak.com/team_home.html?teamid=127991&seasonid=34134
ALPB- 2019,34130,Freedom,Lancaster Barnstormers,3613,https://baseball.pointstreak.com/team_home.html?teamid=3613&seasonid=34130
ALPB- 2019,34130,Freedom,Southern Maryland Blue Crabs,3608,https://baseball.pointstreak.com/team_home.html?teamid=3608&seasonid=34130
ALPB- 2019,34130,Freedom,Sugar Land Skeeters,34136,https://baseball.pointstreak.com/team_home.html?teamid=34136&seasonid=34130
ALPB- 2019,34130,Freedom,York Revolution,3614,https://baseball.pointstreak.com/team_home.html?teamid=3614&seasonid=34130
ALPB- 2019,34130,Liberty,High Point Rockers,163529,https://baseball.pointstreak.com/team_home.html?teamid=163529&seasonid=34130
ALPB- 2019,34130,Liberty,Long Island Ducks,3609,https://baseball.pointstreak.com/team_home.html?teamid=3609&seasonid=34130
ALPB- 2019,34130,Liberty,New Britain Bees,107693,https://baseball.pointstreak.com/team_home.html?teamid=107693&seasonid=34130
ALPB- 2019,34130,Liberty,Somerset Patriots,3604,https://baseball.pointstreak.com/team_home.html?teamid=3604&seasonid=34130
Playoffs 2025,34106,North,Lancaster Stormers,3613,https://baseball.pointstreak.com/team_home.html?teamid=3613&seasonid=34106
Playoffs 2025,34106,North,York Revolution,3614,https://baseball.pointstreak.com/team_home.html?teamid=3614&seasonid=34106
Playoffs 2025,34106,South,Gastonia Ghost Peppers,163528,https://baseball.pointstreak.com/team_home.html?teamid=163528&seasonid=34106
Playoffs 2025,34106,South,High Point Rockers,163529,https://baseball.pointstreak.com/team_home.html?teamid=163529&seasonid=34106
2025 Spring Training,34104,North,Hagerstown Flying Boxcars,163525,https://baseball.pointstreak.com/team_home.html?teamid=163525&seasonid=34104
2025 Spring Training,34104,North,Lancaster Stormers,3613,https://baseball.pointstreak.com/team_home.html?teamid=3613&seasonid=34104
2025 Spring Training,34104,North,Long Island Ducks,3609,https://baseball.pointstreak.com/team_home.html?teamid=3609&seasonid=34104
2025 Spring Training,34104,North,Staten Island Ferry Hawks,163526,https://baseball.pointstreak.com/team_home.html?teamid=163526&seasonid=34104
2025 Spring Training,34104,North,York Revolution,3614,https://baseball.pointstreak.com/team_home.html?teamid=3614&seasonid=34104
2025 Spring Training,34104,Outside,Black Sox,163592,https://baseball.pointstreak.com/team_home.html?teamid=163592&seasonid=34104
2025 Spring Training,34104,Outside,Blacksox,163590,https://baseball.pointstreak.com/team_home.html?teamid=163590&seasonid=34104
2025 Spring Training,34104,Outside,California Dogecoin,163588,https://baseball.pointstreak.com/team_home.html?teamid=163588&seasonid=34104
2025 Spring Training,34104,Outside,Long Island Black Sox,163595,https://baseball.pointstreak.com/team_home.html?teamid=163595&seasonid=34104
2025 Spring Training,34104,Outside,Sox,163591,https://baseball.pointstreak.com/team_home.html?teamid=163591&seasonid=34104
2025 Spring Training,34104,Outside,Susquehanna/Central All-Stars,163594,https://baseball.pointstreak.com/team_home.html?teamid=163594&seasonid=34104
2025 Spring Training,34104,South,Charleston Dirty Birds,163527,https://baseball.pointstreak.com/team_home.html?teamid=163527&seasonid=34104
2025 Spring Training,34104,South,Gastonia Ghost Peppers,163528,https://baseball.pointstreak.com/team_home.html?teamid=163528&seasonid=34104
2025 Spring Training,34104,South,High Point Rockers,163529,https://baseball.pointstreak.com/team_home.html?teamid=163529&seasonid=34104
2025 Spring Training,34104,South,Lexington Legends,163530,https://baseball.pointstreak.com/team_home.html?teamid=163530&seasonid=34104
2025 Spring Training,34104,South,Southern Maryland Blue Crabs,3608,https://baseball.pointstreak.com/team_home.html?teamid=3608&seasonid=34104
ALPB- 2025,34102,North,Hagerstown Flying Boxcars,163525,https://baseball.pointstreak.com/team_home.html?teamid=163525&seasonid=34102
ALPB- 2025,34102,North,Lancaster Stormers,3613,https://baseball.pointstreak.com/team_home.html?teamid=3613&seasonid=34102
ALPB- 2025,34102,North,Long Island Ducks,3609,https://baseball.pointstreak.com/team_home.html?teamid=3609&seasonid=34102
ALPB- 2025,34102,North,Staten Island Ferry Hawks,163526,https://baseball.pointstreak.com/team_home.html?teamid=163526&seasonid=34102
ALPB- 2025,34102,North,York Revolution,3614,https://baseball.pointstreak.com/team_home.html?teamid=3614&seasonid=34102
ALPB- 2025,34102,South,Charleston Dirty Birds,163527,https://baseball.pointstreak.com/team_home.html?teamid=163527&seasonid=34102
ALPB- 2025,34102,South,Gastonia Ghost Peppers,163528,https://baseball.pointstreak.com/team_home.html?teamid=163528&seasonid=34102
ALPB- 2025,34102,South,High Point Rockers,163529,https://baseball.pointstreak.com/team_home.html?teamid=163529&seasonid=34102
ALPB- 2025,34102,South,Lexington Legends,163530,https://baseball.pointstreak.com/team_home.html?teamid=163530&seasonid=34102
ALPB- 2025,34102,South,Southern Maryland Blue Crabs,3608,https://baseball.pointstreak.com/team_home.html?teamid=3608&seasonid=34102
Playoffs 2024,34052,North,Lancaster Stormers,3613,https://baseball.pointstreak.com/team_home.html?teamid=3613&seasonid=34052
Playoffs 2024,34052,North,York Revolution,3614,https://baseball.pointstreak.com/team_home.html?teamid=3614&seasonid=34052
Playoffs 2024,34052,South,Charleston Dirty Birds,163527,https://baseball.pointstreak.com/team_home.html?teamid=163527&seasonid=34052
Playoffs 2024,34052,South,Gastonia Baseball Club,163528,https://baseball.pointstreak.com/team_home.html?teamid=163528&seasonid=34052
2024 Spring Training,33946,North,Hagerstown Flying Boxcars,163525,https://baseball.pointstreak.com/team_home.html?teamid=163525&seasonid=33946
2024 Spring Training,33946,North,Lancaster Stormers,3613,https://baseball.pointstreak.com/team_home.html?teamid=3613&seasonid=33946
2024 Spring Training,33946,North,Long Island Ducks,3609,https://baseball.pointstreak.com/team_home.html?teamid=3609&seasonid=33946
2024 Spring Training,33946,North,Staten Island Ferry Hawks,163526,https://baseball.pointstreak.com/team_home.html?teamid=163526&seasonid=33946
2024 Spring Training,33946,North,York Revolution,3614,https://baseball.pointstreak.com/team_home.html?teamid=3614&seasonid=33946
2024 Spring Training,33946,Outside,Black Sox,163592,https://baseball.pointstreak.com/team_home.html?teamid=163592&seasonid=33946
2024 Spring Training,33946,Outside,Blacksox,163590,https://baseball.pointstreak.com/team_home.html?teamid=163590&seasonid=33946
2024 Spring Training,33946,Outside,California Dogecoin,163588,https://baseball.pointstreak.com/team_home.html?teamid=163588&seasonid=33946
2024 Spring Training,33946,Outside,Long Island Black Sox,163595,https://baseball.pointstreak.com/team_home.html?teamid=163595&seasonid=33946
2024 Spring Training,33946,Outside,Sox,163591,https://baseball.pointstreak.com/team_home.html?teamid=163591&seasonid=33946
2024 Spring Training,33946,Outside,Susquehanna/Central All-Stars,163594,https://baseball.pointstreak.com/team_home.html?teamid=163594&seasonid=33946
2024 Spring Training,33946,South,Charleston Dirty Birds,163527,https://baseball.pointstreak.com/team_home.html?teamid=163527&seasonid=33946
2024 Spring Training,33946,South,Gastonia Baseball Club,163528,https://baseball.pointstreak.com/team_home.html?teamid=163528&seasonid=33946
2024 Spring Training,33946,South,High Point Rockers,163529,https://baseball.pointstreak.com/team_home.html?teamid=163529&seasonid=33946
2024 Spring Training,33946,South,Lexington Legends,163530,https://baseball.pointstreak.com/team_home.html?teamid=163530&seasonid=33946
2024 Spring Training,33946,South,Southern Maryland Blue Crabs,3608,https://baseball.pointstreak.com/team_home.html?teamid=3608&seasonid=33946
ALPB- 2024,33927,North,Hagerstown Flying Boxcars,163525,https://baseball.pointstreak.com/team_home.html?teamid=163525&seasonid=33927
ALPB- 2024,33927,North,Lancaster Stormers,3613,https://baseball.pointstreak.com/team_home.html?teamid=3613&seasonid=33927
ALPB- 2024,33927,North,Long Island Ducks,3609,https://baseball.pointstreak.com/team_home.html?teamid=3609&seasonid=33927
ALPB- 2024,33927,North,Staten Island Ferry Hawks,163526,https://baseball.pointstreak.com/team_home.html?teamid=163526&seasonid=33927
ALPB- 2024,33927,North,York Revolution,3614,https://baseball.pointstreak.com/team_home.html?teamid=3614&seasonid=33927
ALPB- 2024,33927,South,Charleston Dirty Birds,163527,https://baseball.pointstreak.com/team_home.html?teamid=163527&seasonid=33927
ALPB- 2024,33927,South,Gastonia Baseball Club,163528,https://baseball.pointstreak.com/team_home.html?teamid=163528&seasonid=33927
ALPB- 2024,33927,South,High Point Rockers,163529,https://baseball.pointstreak.com/team_home.html?teamid=163529&seasonid=33927
ALPB- 2024,33927,South,Lexington Legends,163530,https://baseball.pointstreak.com/team_home.html?teamid=163530&seasonid=33927
ALPB- 2024,33927,South,Southern Maryland Blue Crabs,3608,https://baseball.pointstreak.com/team_home.html?teamid=3608&seasonid=33927
Playoffs 2018,31947,Freedom,Lancaster Barnstormers,3613,https://baseball.pointstreak.com/team_home.html?teamid=3613&seasonid=31947
Playoffs 2018,31947,Freedom,Sugar Land Skeeters,34136,https://baseball.pointstreak.com/team_home.html?teamid=34136&seasonid=31947
Playoffs 2018,31947,Liberty,Long Island Ducks,3609,https://baseball.pointstreak.com/team_home.html?teamid=3609&seasonid=31947
Playoffs 2018,31947,Liberty,Somerset Patriots,3604,https://baseball.pointstreak.com/team_home.html?teamid=3604&seasonid=31947
All Star Game 2018,31718,All-Star,Freedom Division,127990,https://baseball.pointstreak.com/team_home.html?teamid=127990&seasonid=31718
All Star Game 2018,31718,All-Star,Liberty Division,127991,https://baseball.pointstreak.com/team_home.html?teamid=127991&seasonid=31718
2018 Spring Training,31562,Freedom,Lancaster Barnstormers,3613,https://baseball.pointstreak.com/team_home.html?teamid=3613&seasonid=31562
2018 Spring Training,31562,Freedom,Southern Maryland Blue Crabs,3608,https://baseball.pointstreak.com/team_home.html?teamid=3608&seasonid=31562
2018 Spring Training,31562,Freedom,Sugar Land Skeeters,34136,https://baseball.pointstreak.com/team_home.html?teamid=34136&seasonid=31562
2018 Spring Training,31562,Freedom,York Revolution,3614,https://baseball.pointstreak.com/team_home.html?teamid=3614&seasonid=31562
2018 Spring Training,31562,Liberty,Long Island Ducks,3609,https://baseball.pointstreak.com/team_home.html?teamid=3609&seasonid=31562
2018 Spring Training,31562,Liberty,New Britain Bees,107693,https://baseball.pointstreak.com/team_home.html?teamid=107693&seasonid=31562
2018 Spring Training,31562,Liberty,Road Warriors,133094,https://baseball.pointstreak.com/team_home.html?teamid=133094&seasonid=31562
2018 Spring Training,31562,Liberty,Somerset Patriots,3604,https://baseball.pointstreak.com/team_home.html?teamid=3604&seasonid=31562
2018 Spring Training,31562,Non-ALPB,Long Island Black Sox,135875,https://baseball.pointstreak.com/team_home.html?teamid=135875&seasonid=31562
ALPB- 2018,31284,Freedom,Lancaster Barnstormers,3613,https://baseball.pointstreak.com/team_home.html?teamid=3613&seasonid=31284
ALPB- 2018,31284,Freedom,Southern Maryland Blue Crabs,3608,https://baseball.pointstreak.com/team_home.html?teamid=3608&seasonid=31284
ALPB- 2018,31284,Freedom,Sugar Land Skeeters,34136,https://baseball.pointstreak.com/team_home.html?teamid=34136&seasonid=31284
ALPB- 2018,31284,Freedom,York Revolution,3614,https://baseball.pointstreak.com/team_home.html?teamid=3614&seasonid=31284
ALPB- 2018,31284,Liberty,Long Island Ducks,3609,https://baseball.pointstreak.com/team_home.html?teamid=3609&seasonid=31284
ALPB- 2018,31284,Liberty,New Britain Bees,107693,https://baseball.pointstreak.com/team_home.html?teamid=107693&seasonid=31284
ALPB- 2018,31284,Liberty,Road Warriors,133094,https://baseball.pointstreak.com/team_home.html?teamid=133094&seasonid=31284
ALPB- 2018,31284,Liberty,Somerset Patriots,3604,https://baseball.pointstreak.com/team_home.html?teamid=3604&seasonid=31284
Playoffs 2017,31257,Freedom,Southern Maryland Blue Crabs,3608,https://baseball.pointstreak.com/team_home.html?teamid=3608&seasonid=31257
Playoffs 2017,31257,Freedom,York Revolution,3614,https://baseball.pointstreak.com/team_home.html?teamid=3614&seasonid=31257
Playoffs 2017,31257,Liberty,Long Island Ducks,3609,https://baseball.pointstreak.com/team_home.html?teamid=3609&seasonid=31257
Playoffs 2017,31257,Liberty,Somerset Patriots,3604,https://baseball.pointstreak.com/team_home.html?teamid=3604&seasonid=31257
All Star Game 2017,31063,All-Star,Freedom Division,127990,https://baseball.pointstreak.com/team_home.html?teamid=127990&seasonid=31063
All Star Game 2017,31063,All-Star,Liberty Division,127991,https://baseball.pointstreak.com/team_home.html?teamid=127991&seasonid=31063
2017 Spring Training,30889,Freedom,Lancaster Barnstormers,3613,https://baseball.pointstreak.com/team_home.html?teamid=3613&seasonid=30889
2017 Spring Training,30889,Freedom,Southern Maryland Blue Crabs,3608,https://baseball.pointstreak.com/team_home.html?teamid=3608&seasonid=30889
2017 Spring Training,30889,Freedom,Sugar Land Skeeters,34136,https://baseball.pointstreak.com/team_home.html?teamid=34136&seasonid=30889
2017 Spring Training,30889,Freedom,York Revolution,3614,https://baseball.pointstreak.com/team_home.html?teamid=3614&seasonid=30889
2017 Spring Training,30889,Liberty,Bridgeport Bluefish,3611,https://baseball.pointstreak.com/team_home.html?teamid=3611&seasonid=30889
2017 Spring Training,30889,Liberty,Long Island Ducks,3609,https://baseball.pointstreak.com/team_home.html?teamid=3609&seasonid=30889
2017 Spring Training,30889,Liberty,New Britain Bees,107693,https://baseball.pointstreak.com/team_home.html?teamid=107693&seasonid=30889
2017 Spring Training,30889,Liberty,Somerset Patriots,3604,https://baseball.pointstreak.com/team_home.html?teamid=3604&seasonid=30889
2017 Spring Training,30889,Non-ALPB,Long Island Black Sox,124718,https://baseball.pointstreak.com/team_home.html?teamid=124718&seasonid=30889
2017 Spring Training,30889,Non-ALPB,Milford Hunters,124721,https://baseball.pointstreak.com/team_home.html?teamid=124721&seasonid=30889
ALPB- 2017,30757,Freedom,Lancaster Barnstormers,3613,https://baseball.pointstreak.com/team_home.html?teamid=3613&seasonid=30757
ALPB- 2017,30757,Freedom,Southern Maryland Blue Crabs,3608,https://baseball.pointstreak.com/team_home.html?teamid=3608&seasonid=30757
ALPB- 2017,30757,Freedom,Sugar Land Skeeters,34136,https://baseball.pointstreak.com/team_home.html?teamid=34136&seasonid=30757
ALPB- 2017,30757,Freedom,York Revolution,3614,https://baseball.pointstreak.com/team_home.html?teamid=3614&seasonid=30757
ALPB- 2017,30757,Liberty,Bridgeport Bluefish,3611,https://baseball.pointstreak.com/team_home.html?teamid=3611&seasonid=30757
ALPB- 2017,30757,Liberty,Long Island Ducks,3609,https://baseball.pointstreak.com/team_home.html?teamid=3609&seasonid=30757
ALPB- 2017,30757,Liberty,New Britain Bees,107693,https://baseball.pointstreak.com/team_home.html?teamid=107693&seasonid=30757
ALPB- 2017,30757,Liberty,Somerset Patriots,3604,https://baseball.pointstreak.com/team_home.html?teamid=3604&seasonid=30757
Playoffs 2016,30675,Freedom,Sugar Land Skeeters,34136,https://baseball.pointstreak.com/team_home.html?teamid=34136&seasonid=30675
Playoffs 2016,30675,Freedom,York Revolution,3614,https://baseball.pointstreak.com/team_home.html?teamid=3614&seasonid=30675
Playoffs 2016,30675,Liberty,Long Island Ducks,3609,https://baseball.pointstreak.com/team_home.html?teamid=3609&seasonid=30675
Playoffs 2016,30675,Liberty,Somerset Patriots,3604,https://baseball.pointstreak.com/team_home.html?teamid=3604&seasonid=30675
All Star Game 2016,30475,ASG 2016,Freedom Division,97961,https://baseball.pointstreak.com/team_home.html?teamid=97961&seasonid=30475
All Star Game 2016,30475,ASG 2016,Liberty Division,97960,https://baseball.pointstreak.com/team_home.html?teamid=97960&seasonid=30475
Pre-Season 2016,30281,Freedom,Lancaster Barnstormers,3613,https://baseball.pointstreak.com/team_home.html?teamid=3613&seasonid=30281
Pre-Season 2016,30281,Freedom,San Jacinto College,110993,https://baseball.pointstreak.com/team_home.html?teamid=110993&seasonid=30281
Pre-Season 2016,30281,Freedom,Southern Maryland Blue Crabs,3608,https://baseball.pointstreak.com/team_home.html?teamid=3608&seasonid=30281
Pre-Season 2016,30281,Freedom,Sugar Land Skeeters,34136,https://baseball.pointstreak.com/team_home.html?teamid=34136&seasonid=30281
Pre-Season 2016,30281,Freedom,York Revolution,3614,https://baseball.pointstreak.com/team_home.html?teamid=3614&seasonid=30281
Pre-Season 2016,30281,Liberty,Bridgeport Bluefish,3611,https://baseball.pointstreak.com/team_home.html?teamid=3611&seasonid=30281
Pre-Season 2016,30281,Liberty,Long Island Black Sox,110901,https://baseball.pointstreak.com/team_home.html?teamid=110901&seasonid=30281
Pre-Season 2016,30281,Liberty,Long Island Ducks,3609,https://baseball.pointstreak.com/team_home.html?teamid=3609&seasonid=30281
Pre-Season 2016,30281,Liberty,New Britain Bees,107693,https://baseball.pointstreak.com/team_home.html?teamid=107693&seasonid=30281
Pre-Season 2016,30281,Liberty,Somerset Patriots,3604,https://baseball.pointstreak.com/team_home.html?teamid=3604&seasonid=30281
ALPB- 2016,30100,Freedom,Lancaster Barnstormers,3613,https://baseball.pointstreak.com/team_home.html?teamid=3613&seasonid=30100
ALPB- 2016,30100,Freedom,Southern Maryland Blue Crabs,3608,https://baseball.pointstreak.com/team_home.html?teamid=3608&seasonid=30100
ALPB- 2016,30100,Freedom,Sugar Land Skeeters,34136,https://baseball.pointstreak.com/team_home.html?teamid=34136&seasonid=30100
ALPB- 2016,30100,Freedom,York Revolution,3614,https://baseball.pointstreak.com/team_home.html?teamid=3614&seasonid=30100
ALPB- 2016,30100,Liberty,Bridgeport Bluefish,3611,https://baseball.pointstreak.com/team_home.html?teamid=3611&seasonid=30100
ALPB- 2016,30100,Liberty,Long Island Ducks,3609,https://baseball.pointstreak.com/team_home.html?teamid=3609&seasonid=30100
ALPB- 2016,30100,Liberty,New Britain Bees,107693,https://baseball.pointstreak.com/team_home.html?teamid=107693&seasonid=30100
ALPB- 2016,30100,Liberty,Somerset Patriots,3604,https://baseball.pointstreak.com/team_home.html?teamid=3604&seasonid=30100
Playoffs 2015,29833,Freedom,Lancaster Barnstormers,3613,https://baseball.pointstreak.com/team_home.html?teamid=3613&seasonid=29833
Playoffs 2015,29833,Freedom,Southern Maryland Blue Crabs,3608,https://baseball.pointstreak.com/team_home.html?teamid=3608&seasonid=29833
Playoffs 2015,29833,Freedom,TBD,102836,https://baseball.pointstreak.com/team_home.html?teamid=102836&seasonid=29833
Playoffs 2015,29833,Liberty,Long Island Ducks,3609,https://baseball.pointstreak.com/team_home.html?teamid=3609&seasonid=29833
Playoffs 2015,29833,Liberty,Somerset Patriots,3604,https://baseball.pointstreak.com/team_home.html?teamid=3604&seasonid=29833
Playoffs 2015,29833,Liberty,TBD,102835,https://baseball.pointstreak.com/team_home.html?teamid=102835&seasonid=29833
All Star Game 2015,29647,ASG 2015,Freedom Division,97961,https://baseball.pointstreak.com/team_home.html?teamid=97961&seasonid=29647
All Star Game 2015,29647,ASG 2015,Liberty Division,97960,https://baseball.pointstreak.com/team_home.html?teamid=97960&seasonid=29647
Pre-Season 2015,29415,Freedom,Alvin Community College,93383,https://baseball.pointstreak.com/team_home.html?teamid=93383&seasonid=29415
Pre-Season 2015,29415,Freedom,College of Southern Maryland,93385,https://baseball.pointstreak.com/team_home.html?teamid=93385&seasonid=29415
Pre-Season 2015,29415,Freedom,Lancaster Barnstormers,3613,https://baseball.pointstreak.com/team_home.html?teamid=3613&seasonid=29415
Pre-Season 2015,29415,Freedom,Southern Maryland Blue Crabs,3608,https://baseball.pointstreak.com/team_home.html?teamid=3608&seasonid=29415
Pre-Season 2015,29415,Freedom,Sugar Land Skeeters,34136,https://baseball.pointstreak.com/team_home.html?teamid=34136&seasonid=29415
Pre-Season 2015,29415,Freedom,Wharton County Jr. College,93384,https://baseball.pointstreak.com/team_home.html?teamid=93384&seasonid=29415
Pre-Season 2015,29415,Freedom,York Revolution,3614,https://baseball.pointstreak.com/team_home.html?teamid=3614&seasonid=29415
Pre-Season 2015,29415,Liberty,Bridgeport Bluefish,3611,https://baseball.pointstreak.com/team_home.html?teamid=3611&seasonid=29415
Pre-Season 2015,29415,Liberty,Camden Riversharks,3610,https://baseball.pointstreak.com/team_home.html?teamid=3610&seasonid=29415
Pre-Season 2015,29415,Liberty,Long Island Black Sox,93382,https://baseball.pointstreak.com/team_home.html?teamid=93382&seasonid=29415
Pre-Season 2015,29415,Liberty,Long Island Ducks,3609,https://baseball.pointstreak.com/team_home.html?teamid=3609&seasonid=29415
Pre-Season 2015,29415,Liberty,Somerset Patriots,3604,https://baseball.pointstreak.com/team_home.html?teamid=3604&seasonid=29415
ALPB- 2015,29210,Freedom,Lancaster Barnstormers,3613,https://baseball.pointstreak.com/team_home.html?teamid=3613&seasonid=29210
ALPB- 2015,29210,Freedom,Southern Maryland Blue Crabs,3608,https://baseball.pointstreak.com/team_home.html?teamid=3608&seasonid=29210
ALPB- 2015,29210,Freedom,Sugar Land Skeeters,34136,https://baseball.pointstreak.com/team_home.html?teamid=34136&seasonid=29210
ALPB- 2015,29210,Freedom,York Revolution,3614,https://baseball.pointstreak.com/team_home.html?teamid=3614&seasonid=29210
ALPB- 2015,29210,Liberty,Bridgeport Bluefish,3611,https://baseball.pointstreak.com/team_home.html?teamid=3611&seasonid=29210
ALPB- 2015,29210,Liberty,Camden Riversharks,3610,https://baseball.pointstreak.com/team_home.html?teamid=3610&seasonid=29210
ALPB- 2015,29210,Liberty,Long Island Ducks,3609,https://baseball.pointstreak.com/team_home.html?teamid=3609&seasonid=29210
ALPB- 2015,29210,Liberty,Somerset Patriots,3604,https://baseball.pointstreak.com/team_home.html?teamid=3604&seasonid=29210
Playoffs 2014,29054,Freedom,Sugar Land Skeeters,34136,https://baseball.pointstreak.com/team_home.html?teamid=34136&seasonid=29054
Playoffs 2014,29054,Freedom,York Revolution,3614,https://baseball.pointstreak.com/team_home.html?teamid=3614&seasonid=29054
Playoffs 2014,29054,Liberty,Lancaster Barnstormers,3613,https://baseball.pointstreak.com/team_home.html?teamid=3613&seasonid=29054
Playoffs 2014,29054,Liberty,Somerset Patriots,3604,https://baseball.pointstreak.com/team_home.html?teamid=3604&seasonid=29054
All Star Game 2014,28875,ASG 2014,Atlantic League All Stars,80168,https://baseball.pointstreak.com/team_home.html?teamid=80168&seasonid=28875
All Star Game 2014,28875,ASG 2014,Sugar Land Skeeters,34136,https://baseball.pointstreak.com/team_home.html?teamid=34136&seasonid=28875
Pre-Season 2014,28596,Freedom,Lancaster Barnstormers,3613,https://baseball.pointstreak.com/team_home.html?teamid=3613&seasonid=28596
Pre-Season 2014,28596,Freedom,Southern Maryland Blue Crabs,3608,https://baseball.pointstreak.com/team_home.html?teamid=3608&seasonid=28596
Pre-Season 2014,28596,Freedom,Sugar Land Skeeters,34136,https://baseball.pointstreak.com/team_home.html?teamid=34136&seasonid=28596
Pre-Season 2014,28596,Freedom,York Revolution,3614,https://baseball.pointstreak.com/team_home.html?teamid=3614&seasonid=28596
Pre-Season 2014,28596,Liberty,Bridgeport Bluefish,3611,https://baseball.pointstreak.com/team_home.html?teamid=3611&seasonid=28596
Pre-Season 2014,28596,Liberty,Camden Riversharks,3610,https://baseball.pointstreak.com/team_home.html?teamid=3610&seasonid=28596
Pre-Season 2014,28596,Liberty,Long Island Ducks,3609,https://baseball.pointstreak.com/team_home.html?teamid=3609&seasonid=28596
Pre-Season 2014,28596,Liberty,Somerset Patriots,3604,https://baseball.pointstreak.com/team_home.html?teamid=3604&seasonid=28596
Pre-Season 2014,28596,Non ALPB,Long Island Black Sox,72701,https://baseball.pointstreak.com/team_home.html?teamid=72701&seasonid=28596
ALPB- 2014,28163,Freedom,Lancaster Barnstormers,3613,https://baseball.pointstreak.com/team_home.html?teamid=3613&seasonid=28163
ALPB- 2014,28163,Freedom,Southern Maryland Blue Crabs,3608,https://baseball.pointstreak.com/team_home.html?teamid=3608&seasonid=28163
ALPB- 2014,28163,Freedom,Sugar Land Skeeters,34136,https://baseball.pointstreak.com/team_home.html?teamid=34136&seasonid=28163
ALPB- 2014,28163,Freedom,York Revolution,3614,https://baseball.pointstreak.com/team_home.html?teamid=3614&seasonid=28163
ALPB- 2014,28163,Liberty,Bridgeport Bluefish,3611,https://baseball.pointstreak.com/team_home.html?teamid=3611&seasonid=28163
ALPB- 2014,28163,Liberty,Camden Riversharks,3610,https://baseball.pointstreak.com/team_home.html?teamid=3610&seasonid=28163
ALPB- 2014,28163,Liberty,Long Island Ducks,3609,https://baseball.pointstreak.com/team_home.html?teamid=3609&seasonid=28163
ALPB- 2014,28163,Liberty,Somerset Patriots,3604,https://baseball.pointstreak.com/team_home.html?teamid=3604&seasonid=28163
All Star Game 2013,26142,All Star,Freedom Division,7505,https://baseball.pointstreak.com/team_home.html?teamid=7505&seasonid=26142
All Star Game 2013,26142,All Star,Liberty Division,7506,https://baseball.pointstreak.com/team_home.html?teamid=7506&seasonid=26142
Playoffs 2013,21967,Freedom,Somerset Patriots,3604,https://baseball.pointstreak.com/team_home.html?teamid=3604&seasonid=21967
Playoffs 2013,21967,Freedom,Sugar Land Skeeters,34136,https://baseball.pointstreak.com/team_home.html?teamid=34136&seasonid=21967
Playoffs 2013,21967,Liberty,Long Island Ducks,3609,https://baseball.pointstreak.com/team_home.html?teamid=3609&seasonid=21967
Playoffs 2013,21967,Liberty,Southern Maryland Blue Crabs,3608,https://baseball.pointstreak.com/team_home.html?teamid=3608&seasonid=21967
ALPB- 2013,21966,Freedom,Lancaster Barnstormers,3613,https://baseball.pointstreak.com/team_home.html?teamid=3613&seasonid=21966
ALPB- 2013,21966,Freedom,Somerset Patriots,3604,https://baseball.pointstreak.com/team_home.html?teamid=3604&seasonid=21966
ALPB- 2013,21966,Freedom,Sugar Land Skeeters,34136,https://baseball.pointstreak.com/team_home.html?teamid=34136&seasonid=21966
ALPB- 2013,21966,Freedom,York Revolution,3614,https://baseball.pointstreak.com/team_home.html?teamid=3614&seasonid=21966
ALPB- 2013,21966,Liberty,Bridgeport Bluefish,3611,https://baseball.pointstreak.com/team_home.html?teamid=3611&seasonid=21966
ALPB- 2013,21966,Liberty,Camden Riversharks,3610,https://baseball.pointstreak.com/team_home.html?teamid=3610&seasonid=21966
ALPB- 2013,21966,Liberty,Long Island Ducks,3609,https://baseball.pointstreak.com/team_home.html?teamid=3609&seasonid=21966
ALPB- 2013,21966,Liberty,Southern Maryland Blue Crabs,3608,https://baseball.pointstreak.com/team_home.html?teamid=3608&seasonid=21966
Playoffs 2012,20298,Freedom,Lancaster Barnstormers,3613,https://baseball.pointstreak.com/team_home.html?teamid=3613&seasonid=20298
Playoffs 2012,20298,Freedom,York Revolution,3614,https://baseball.pointstreak.com/team_home.html?teamid=3614&seasonid=20298
Playoffs 2012,20298,Liberty,Long Island Ducks,3609,https://baseball.pointstreak.com/team_home.html?teamid=3609&seasonid=20298
Playoffs 2012,20298,Liberty,Southern Maryland Blue Crabs,3608,https://baseball.pointstreak.com/team_home.html?teamid=3608&seasonid=20298
All Star Game 2012,13782,All Star,Freedom Division,7505,https://baseball.pointstreak.com/team_home.html?teamid=7505&seasonid=13782
All Star Game 2012,13782,All Star,Liberty Division,7506,https://baseball.pointstreak.com/team_home.html?teamid=7506&seasonid=13782
Pre-Season 2012,13781,Freedom,Lancaster Barnstormers,3613,https://baseball.pointstreak.com/team_home.html?teamid=3613&seasonid=13781
Pre-Season 2012,13781,Freedom,Somerset Patriots,3604,https://baseball.pointstreak.com/team_home.html?teamid=3604&seasonid=13781
Pre-Season 2012,13781,Freedom,Sugar Land Skeeters,34136,https://baseball.pointstreak.com/team_home.html?teamid=34136&seasonid=13781
Pre-Season 2012,13781,Freedom,York Revolution,3614,https://baseball.pointstreak.com/team_home.html?teamid=3614&seasonid=13781
Pre-Season 2012,13781,Liberty,Bridgeport Bluefish,3611,https://baseball.pointstreak.com/team_home.html?teamid=3611&seasonid=13781
Pre-Season 2012,13781,Liberty,Camden Riversharks,3610,https://baseball.pointstreak.com/team_home.html?teamid=3610&seasonid=13781
Pre-Season 2012,13781,Liberty,Long Island Ducks,3609,https://baseball.pointstreak.com/team_home.html?teamid=3609&seasonid=13781
Pre-Season 2012,13781,Liberty,Southern Maryland Blue Crabs,3608,https://baseball.pointstreak.com/team_home.html?teamid=3608&seasonid=13781
ALPB- 2012,12585,Freedom,Lancaster Barnstormers,3613,https://baseball.pointstreak.com/team_home.html?teamid=3613&seasonid=12585
ALPB- 2012,12585,Freedom,Somerset Patriots,3604,https://baseball.pointstreak.com/team_home.html?teamid=3604&seasonid=12585
ALPB- 2012,12585,Freedom,Sugar Land Skeeters,34136,https://baseball.pointstreak.com/team_home.html?teamid=34136&seasonid=12585
ALPB- 2012,12585,Freedom,York Revolution,3614,https://baseball.pointstreak.com/team_home.html?teamid=3614&seasonid=12585
ALPB- 2012,12585,Liberty,Bridgeport Bluefish,3611,https://baseball.pointstreak.com/team_home.html?teamid=3611&seasonid=12585
ALPB- 2012,12585,Liberty,Camden Riversharks,3610,https://baseball.pointstreak.com/team_home.html?teamid=3610&seasonid=12585
ALPB- 2012,12585,Liberty,Long Island Ducks,3609,https://baseball.pointstreak.com/team_home.html?teamid=3609&seasonid=12585
ALPB- 2012,12585,Liberty,Southern Maryland Blue Crabs,3608,https://baseball.pointstreak.com/team_home.html?teamid=3608&seasonid=12585
Playoffs 2011,4339,Freedom,Lancaster Barnstormers,3613,https://baseball.pointstreak.com/team_home.html?teamid=3613&seasonid=4339
Playoffs 2011,4339,Freedom,York Revolution,3614,https://baseball.pointstreak.com/team_home.html?teamid=3614&seasonid=4339
Playoffs 2011,4339,Liberty,Long Island Ducks,3609,https://baseball.pointstreak.com/team_home.html?teamid=3609&seasonid=4339
Playoffs 2011,4339,Liberty,Southern Maryland Blue Crabs,3608,https://baseball.pointstreak.com/team_home.html?teamid=3608&seasonid=4339
All Star Game 2011,3239,All Star,Freedom Division,7505,https://baseball.pointstreak.com/team_home.html?teamid=7505&seasonid=3239
All Star Game 2011,3239,All Star,Liberty Division,7506,https://baseball.pointstreak.com/team_home.html?teamid=7506&seasonid=3239
Pre-Season 2011,1787,Freedom,Lancaster Barnstormers,3613,https://baseball.pointstreak.com/team_home.html?teamid=3613&seasonid=1787
Pre-Season 2011,1787,Freedom,Road Warriors,12699,https://baseball.pointstreak.com/team_home.html?teamid=12699&seasonid=1787
Pre-Season 2011,1787,Freedom,Somerset Patriots,3604,https://baseball.pointstreak.com/team_home.html?teamid=3604&seasonid=1787
Pre-Season 2011,1787,Freedom,York Revolution,3614,https://baseball.pointstreak.com/team_home.html?teamid=3614&seasonid=1787
Pre-Season 2011,1787,Liberty,Bridgeport Bluefish,3611,https://baseball.pointstreak.com/team_home.html?teamid=3611&seasonid=1787
Pre-Season 2011,1787,Liberty,Camden Riversharks,3610,https://baseball.pointstreak.com/team_home.html?teamid=3610&seasonid=1787
Pre-Season 2011,1787,Liberty,Long Island Ducks,3609,https://baseball.pointstreak.com/team_home.html?teamid=3609&seasonid=1787
Pre-Season 2011,1787,Liberty,Southern Maryland Blue Crabs,3608,https://baseball.pointstreak.com/team_home.html?teamid=3608&seasonid=1787
ALPB - 2011,540,Freedom,Lancaster Barnstormers,3613,https://baseball.pointstreak.com/team_home.html?teamid=3613&seasonid=540
ALPB - 2011,540,Freedom,Road Warriors,12699,https://baseball.pointstreak.com/team_home.html?teamid=12699&seasonid=540
ALPB - 2011,540,Freedom,Somerset Patriots,3604,https://baseball.pointstreak.com/team_home.html?teamid=3604&seasonid=540
ALPB - 2011,540,Freedom,York Revolution,3614,https://baseball.pointstreak.com/team_home.html?teamid=3614&seasonid=540
ALPB - 2011,540,Liberty,Bridgeport Bluefish,3611,https://baseball.pointstreak.com/team_home.html?teamid=3611&seasonid=540
ALPB - 2011,540,Liberty,Camden Riversharks,3610,https://baseball.pointstreak.com/team_home.html?teamid=3610&seasonid=540
ALPB - 2011,540,Liberty,Long Island Ducks,3609,https://baseball.pointstreak.com/team_home.html?teamid=3609&seasonid=540
ALPB - 2011,540,Liberty,Southern Maryland Blue Crabs,3608,https://baseball.pointstreak.com/team_home.html?teamid=3608&seasonid=540
Playoffs 2010,486,ALPB,Bridgeport Bluefish,3611,https://baseball.pointstreak.com/team_home.html?teamid=3611&seasonid=486
Playoffs 2010,486,ALPB,Somerset Patriots,3604,https://baseball.pointstreak.com/team_home.html?teamid=3604&seasonid=486
Playoffs 2010,486,ALPB,Southern Maryland Blue Crabs,3608,https://baseball.pointstreak.com/team_home.html?teamid=3608&seasonid=486
Playoffs 2010,486,ALPB,York Revolution,3614,https://baseball.pointstreak.com/team_home.html?teamid=3614&seasonid=486
All Star Game 2010,414,All Star,Freedom Division,7505,https://baseball.pointstreak.com/team_home.html?teamid=7505&seasonid=414
All Star Game 2010,414,All Star,Liberty Division,7506,https://baseball.pointstreak.com/team_home.html?teamid=7506&seasonid=414
Pre-Season 2010,296,Freedom,Lancaster Barnstormers,3613,https://baseball.pointstreak.com/team_home.html?teamid=3613&seasonid=296
Pre-Season 2010,296,Freedom,Newark Bears,3612,https://baseball.pointstreak.com/team_home.html?teamid=3612&seasonid=296
Pre-Season 2010,296,Freedom,Somerset Patriots,3604,https://baseball.pointstreak.com/team_home.html?teamid=3604&seasonid=296
Pre-Season 2010,296,Freedom,York Revolution,3614,https://baseball.pointstreak.com/team_home.html?teamid=3614&seasonid=296
Pre-Season 2010,296,Liberty,Bridgeport Bluefish,3611,https://baseball.pointstreak.com/team_home.html?teamid=3611&seasonid=296
Pre-Season 2010,296,Liberty,Camden Riversharks,3610,https://baseball.pointstreak.com/team_home.html?teamid=3610&seasonid=296
Pre-Season 2010,296,Liberty,Long Island Ducks,3609,https://baseball.pointstreak.com/team_home.html?teamid=3609&seasonid=296
Pre-Season 2010,296,Liberty,Southern Maryland Blue Crabs,3608,https://baseball.pointstreak.com/team_home.html?teamid=3608&seasonid=296
Pre-Season 2010,296,NL,College of Southern Maryland,6310,https://baseball.pointstreak.com/team_home.html?teamid=6310&seasonid=296
Pre-Season 2010,296,NL,Military All Stars,6309,https://baseball.pointstreak.com/team_home.html?teamid=6309&seasonid=296
Pre-Season 2010,296,NL,St Joseph's University,6354,https://baseball.pointstreak.com/team_home.html?teamid=6354&seasonid=296
ALPB - 2010,249,Freedom,Lancaster Barnstormers,3613,https://baseball.pointstreak.com/team_home.html?teamid=3613&seasonid=249
ALPB - 2010,249,Freedom,Newark Bears,3612,https://baseball.pointstreak.com/team_home.html?teamid=3612&seasonid=249
ALPB - 2010,249,Freedom,Somerset Patriots,3604,https://baseball.pointstreak.com/team_home.html?teamid=3604&seasonid=249
ALPB - 2010,249,Freedom,York Revolution,3614,https://baseball.pointstreak.com/team_home.html?teamid=3614&seasonid=249
ALPB - 2010,249,Liberty,Bridgeport Bluefish,3611,https://baseball.pointstreak.com/team_home.html?teamid=3611&seasonid=249
ALPB - 2010,249,Liberty,Camden Riversharks,3610,https://baseball.pointstreak.com/team_home.html?teamid=3610&seasonid=249
ALPB - 2010,249,Liberty,Long Island Ducks,3609,https://baseball.pointstreak.com/team_home.html?teamid=3609&seasonid=249
ALPB - 2010,249,Liberty,Southern Maryland Blue Crabs,3608,https://baseball.pointstreak.com/team_home.html?teamid=3608&seasonid=249
