Status,Season,season_id,Team,team_id,Player,player_id,AVG,R,H,2B,3B,HR,RBI,BB,SO,SB,R_from_100,RBI_from_80,stats_url,AB,CS,DP,E,G,HBP,P,SF,SH
met,ALPB- 2023,34162,High Point Rockers,163529,"Aklinski, B",1750098,.286,114,129,22,5,24,102,71,105,31,14.0,22.0,https://baseball.pointstreak.com/team_stats.html?teamid=163529&seasonid=34162,451,3,7,1,123,17,OF,8,0
met,ALPB- 2023,34162,Gastonia Honey Hunters,163528,"Jarrett, Z",1750944,.299,101,135,25,3,25,90,61,104,28,1.0,10.0,https://baseball.pointstreak.com/team_stats.html?teamid=163528&seasonid=34162,452,6,11,3,118,4,LF,3,0
met,ALPB- 2022,34154,Lexington Legends,163530,"Hawkins, C",1701072,.298,110,141,23,1,48,125,82,102,6,10.0,45.0,https://baseball.pointstreak.com/team_stats.html?teamid=163530&seasonid=34154,473,0,12,5,127,7,LF,2,0
met,ALPB- 2022,34154,Kentucky Wild Health Genomes,165440,"Becker, L",1750826,.308,107,149,30,5,23,98,71,117,14,7.0,18.0,https://baseball.pointstreak.com/team_stats.html?teamid=165440&seasonid=34154,484,7,6,19,123,2,2B,8,1
met,ALPB- 2021,34146,Lexington Legends,163530,"Aklinski, B",1750098,.290,105,122,21,3,28,105,67,108,10,5.0,25.0,https://baseball.pointstreak.com/team_stats.html?teamid=163530&seasonid=34146,420,1,4,14,116,2,OF,3,0
met,ALPB- 2021,34146,Lexington Legends,163530,"Pugh, T",1750086,.323,102,122,26,3,26,107,68,103,13,2.0,27.0,https://baseball.pointstreak.com/team_stats.html?teamid=163530&seasonid=34146,378,3,6,2,117,8,CF,2,0
met,ALPB- 2021,34146,Lancaster Barnstormers,3613,"Gindl, C",1111228,.291,106,131,23,2,34,91,76,91,3,6.0,11.0,https://baseball.pointstreak.com/team_stats.html?teamid=3613&seasonid=34146,450,2,3,5,115,4,LF,4,2
met,ALPB- 2019,34130,York Revolution,3614,"Nash, T",824103,.294,107,143,35,1,41,100,106,122,0,7.0,20.0,https://baseball.pointstreak.com/team_stats.html?teamid=3614&seasonid=34130,486,0,14,4,137,7,1B,5,0
met,ALPB- 2014,28163,Long Island Ducks,3609,"Ford, L",127677,.347,100,189,40,2,15,95,53,65,8,0.0,15.0,https://baseball.pointstreak.com/team_stats.html?teamid=3609&seasonid=28163,544,0,18,0,140,16,OF,8,1
close,ALPB- 2023,34162,Lancaster Barnstormers,3613,"Cordero, A",1750753,.339,83,166,40,0,15,116,32,73,12,-17.0,36.0,https://baseball.pointstreak.com/team_stats.html?teamid=3613&seasonid=34162,490,3,19,12,121,6,IF,12,0
close,ALPB- 2023,34162,Spire City Ghost Hounds,165441,"Cabrera, L",1728741,.294,91,137,27,0,34,100,52,122,20,-9.0,20.0,https://baseball.pointstreak.com/team_stats.html?teamid=165441&seasonid=34162,466,8,8,3,118,4,RF,4,0
close,ALPB- 2023,34162,Lexington Counter Clocks,163530,"Dillard, T",1751196,.255,83,108,25,0,39,98,101,124,8,-17.0,18.0,https://baseball.pointstreak.com/team_stats.html?teamid=163530&seasonid=34162,423,2,9,5,123,2,C,4,0
close,ALPB- 2023,34162,York Revolution,3614,"Mendoza, A",1751066,.346,90,148,41,3,15,87,70,80,23,-10.0,7.0,https://baseball.pointstreak.com/team_stats.html?teamid=3614&seasonid=34162,428,3,10,13,115,8,3B,6,0
close,ALPB- 2023,34162,Long Island Ducks,3609,"Travis, S",1750668,.303,82,138,24,1,19,92,43,49,1,-18.0,12.0,https://baseball.pointstreak.com/team_stats.html?teamid=3609&seasonid=34162,456,3,10,11,119,4,1B,5,0
close,ALPB- 2023,34162,York Revolution,3614,"Martin, D",1751055,.282,90,120,23,2,19,82,56,119,46,-10.0,2.0,https://baseball.pointstreak.com/team_stats.html?teamid=3614&seasonid=34162,425,2,10,3,117,2,CF,8,2
close,ALPB- 2023,34162,Spire City Ghost Hounds,165441,"Dedelow, C",1751123,.281,88,114,25,4,26,78,61,132,34,-12.0,-2.0,https://baseball.pointstreak.com/team_stats.html?teamid=165441&seasonid=34162,406,5,4,4,115,7,LF,7,0
close,ALPB- 2023,34162,York Revolution,3614,"Giambrone, T",1751057,.287,88,129,32,0,22,72,55,90,9,-12.0,-8.0,https://baseball.pointstreak.com/team_stats.html?teamid=3614&seasonid=34162,450,3,6,15,106,7,2B,6,0
close,ALPB- 2022,34154,Lancaster Barnstormers,3613,"Cordero, A",1750753,.339,87,184,35,5,18,118,28,65,8,-13.0,38.0,https://baseball.pointstreak.com/team_stats.html?teamid=3613&seasonid=34154,542,6,21,9,131,6,IF,7,0
close,ALPB- 2022,34154,High Point Rockers,163529,"Wiel, A",1750887,.260,83,100,19,3,32,98,45,111,11,-17.0,18.0,https://baseball.pointstreak.com/team_stats.html?teamid=163529&seasonid=34154,384,2,8,8,115,7,1B,6,0
close,ALPB- 2022,34154,Gastonia Honey Hunters,163528,"Rosa, J",1750930,.308,88,141,35,7,21,92,76,118,16,-12.0,12.0,https://baseball.pointstreak.com/team_stats.html?teamid=163528&seasonid=34154,458,11,4,21,122,9,2B,5,0
close,ALPB- 2022,34154,Lancaster Barnstormers,3613,"Mercedes, M",1750306,.294,105,141,20,5,12,72,83,68,15,5.0,-8.0,https://baseball.pointstreak.com/team_stats.html?teamid=3613&seasonid=34154,479,4,5,14,122,4,IF,6,3
close,ALPB- 2022,34154,Gastonia Honey Hunters,163528,"Jarrett, Z",1750944,.313,86,130,22,3,21,84,40,86,32,-14.0,4.0,https://baseball.pointstreak.com/team_stats.html?teamid=163528&seasonid=34154,416,7,5,4,116,12,LF,8,0
close,ALPB- 2022,34154,High Point Rockers,163529,"Aklinski, B",1750098,.268,93,120,33,3,19,74,73,89,20,-7.0,-6.0,https://baseball.pointstreak.com/team_stats.html?teamid=163529&seasonid=34154,448,4,11,4,121,13,OF,4,0
close,ALPB- 2022,34154,High Point Rockers,163529,"Downs, J",1750513,.303,80,122,24,1,22,83,45,86,1,-20.0,3.0,https://baseball.pointstreak.com/team_stats.html?teamid=163529&seasonid=34154,403,3,6,4,118,20,1B,4,0
close,ALPB- 2021,34146,Gastonia Honey Hunters,163528,"Sale, J",1750579,.284,94,118,22,2,34,104,79,96,13,-6.0,24.0,https://baseball.pointstreak.com/team_stats.html?teamid=163528&seasonid=34146,415,4,7,24,120,2,LF,5,0
close,ALPB- 2021,34146,Long Island Ducks,3609,"Lombardozzi, S",1749711,.329,99,143,24,3,16,83,91,41,20,-1.0,3.0,https://baseball.pointstreak.com/team_stats.html?teamid=3609&seasonid=34146,435,4,4,4,119,5,2B,11,1
close,ALPB- 2021,34146,Gastonia Honey Hunters,163528,"Skole, J",1750580,.270,84,99,21,2,23,85,80,122,30,-16.0,5.0,https://baseball.pointstreak.com/team_stats.html?teamid=163528&seasonid=34146,366,5,3,7,116,8,CF,8,0
close,ALPB- 2021,34146,Lexington Legends,163530,"Baldoquin, R",1750096,.358,90,143,30,4,14,75,49,55,13,-10.0,-5.0,https://baseball.pointstreak.com/team_stats.html?teamid=163530&seasonid=34146,400,4,10,9,109,18,SS,2,0
close,ALPB- 2021,34146,Lexington Legends,163530,"Hawkins, C",1701072,.327,86,106,15,2,32,78,53,68,8,-14.0,-2.0,https://baseball.pointstreak.com/team_stats.html?teamid=163530&seasonid=34146,324,1,5,1,90,11,LF,7,0
close,ALPB- 2021,34146,Lancaster Barnstormers,3613,"De Aza, A",1711164,.322,90,128,32,6,11,71,57,63,11,-10.0,-9.0,https://baseball.pointstreak.com/team_stats.html?teamid=3613&seasonid=34146,397,5,11,1,108,8,CF,2,1
close,ALPB- 2021,34146,Gastonia Honey Hunters,163528,"Rogers, J",1264796,.286,80,97,11,1,20,73,68,48,7,-20.0,-7.0,https://baseball.pointstreak.com/team_stats.html?teamid=163528&seasonid=34146,339,1,11,8,95,6,1B,3,0
close,ALPB- 2019,34130,Lancaster Barnstormers,3613,"Gindl, C",1111228,.291,82,143,32,3,22,91,83,100,2,-18.0,11.0,https://baseball.pointstreak.com/team_stats.html?teamid=3613&seasonid=34130,492,1,7,3,137,3,LF,9,1
close,ALPB- 2019,34130,York Revolution,3614,"Tejeda, I",951080,.338,86,169,40,0,23,87,55,73,1,-14.0,7.0,https://baseball.pointstreak.com/team_stats.html?teamid=3614&seasonid=34130,500,1,19,6,131,2,C,7,0
close,ALPB- 2019,34130,High Point Rockers,163529,"Cardullo, S",1750033,.266,96,136,36,3,22,70,76,94,20,-4.0,-10.0,https://baseball.pointstreak.com/team_stats.html?teamid=163529&seasonid=34130,511,5,10,3,138,17,1B,4,1
close,ALPB- 2025,34102,High Point Rockers,163529,"Aklinski, B",1747963,.274,92,98,22,1,27,74,59,79,29,-8.0,-6.0,https://baseball.pointstreak.com/team_stats.html?teamid=163529&seasonid=34102,358,1,4,2,94,7,OF,5,0
close,ALPB- 2025,34102,York Revolution,3614,"Miller, J",1745941,.308,94,124,35,2,16,71,37,58,48,-6.0,-9.0,https://baseball.pointstreak.com/team_stats.html?teamid=3614&seasonid=34102,402,6,3,5,95,4,2B,4,1
close,ALPB- 2025,34102,Lancaster Stormers,3613,"Martin, M",1747602,.309,83,108,23,0,29,74,60,84,13,-17.0,-6.0,https://baseball.pointstreak.com/team_stats.html?teamid=3613&seasonid=34102,350,5,6,6,90,5,1B,2,0
close,ALPB- 2025,34102,Charleston Dirty Birds,163527,"Nelson, J",1750017,.317,82,126,21,0,28,75,53,90,40,-18.0,-5.0,https://baseball.pointstreak.com/team_stats.html?teamid=163527&seasonid=34102,397,8,9,6,99,7,IF,4,0
close,ALPB- 2025,34102,Gastonia Ghost Peppers,163528,"Wylie, J",1750025,.264,84,86,23,3,18,70,69,75,19,-16.0,-10.0,https://baseball.pointstreak.com/team_stats.html?teamid=163528&seasonid=34102,326,1,9,12,90,1,IF,4,1
close,ALPB- 2024,33927,Gastonia Baseball Club,163528,"Gatewood, J",1696437,.295,87,126,34,0,33,121,70,92,13,-13.0,41.0,https://baseball.pointstreak.com/team_stats.html?teamid=163528&seasonid=33927,427,4,5,8,118,4,IF,5,0
close,ALPB- 2024,33927,Charleston Dirty Birds,163527,"Barnum, K",1696568,.301,90,141,24,0,41,115,82,142,0,-10.0,35.0,https://baseball.pointstreak.com/team_stats.html?teamid=163527&seasonid=33927,468,0,17,4,120,0,1B,4,0
close,ALPB- 2024,33927,High Point Rockers,163529,"Aklinski, B",1695413,.247,94,118,20,1,29,92,66,123,29,-6.0,12.0,https://baseball.pointstreak.com/team_stats.html?teamid=163529&seasonid=33927,478,2,7,1,125,19,OF,5,0
close,ALPB- 2024,33927,York Revolution,3614,"Washington, D",1698555,.260,84,106,26,0,35,96,46,198,19,-16.0,16.0,https://baseball.pointstreak.com/team_stats.html?teamid=3614&seasonid=33927,408,4,4,7,104,4,IF,4,0
close,ALPB- 2024,33927,Gastonia Baseball Club,163528,"Wylie, J",1697020,.249,93,106,20,2,34,84,76,105,25,-7.0,4.0,https://baseball.pointstreak.com/team_stats.html?teamid=163528&seasonid=33927,426,6,14,8,120,3,IF,6,2
close,ALPB- 2024,33927,Gastonia Baseball Club,163528,"Stowers, J",1696445,.301,91,120,24,2,17,73,54,75,49,-9.0,-7.0,https://baseball.pointstreak.com/team_stats.html?teamid=163528&seasonid=33927,399,7,13,1,105,9,OF,6,0
close,ALPB- 2018,31284,York Revolution,3614,"Mesa, M",1230368,.337,85,129,24,4,20,89,24,88,2,-15.0,9.0,https://baseball.pointstreak.com/team_stats.html?teamid=3614&seasonid=31284,383,0,8,0,100,7,OF,7,0
close,ALPB- 2018,31284,Lancaster Barnstormers,3613,"Gailen, B",290236,.282,80,125,18,0,28,91,72,82,14,-20.0,11.0,https://baseball.pointstreak.com/team_stats.html?teamid=3613&seasonid=31284,444,10,7,3,126,2,OF,8,0
close,ALPB- 2017,30757,York Revolution,3614,"Harris, A",621744,.315,89,145,28,1,23,73,48,95,31,-11.0,-7.0,https://baseball.pointstreak.com/team_stats.html?teamid=3614&seasonid=30757,460,13,6,12,114,3,OF,3,2
close,ALPB- 2016,30100,Long Island Ducks,3609,"Lentini, F",582166,.313,108,179,42,6,9,75,38,80,51,8.0,-5.0,https://baseball.pointstreak.com/team_stats.html?teamid=3609&seasonid=30100,571,5,12,2,140,10,OF,5,6
close,ALPB- 2016,30100,Sugar Land Skeeters,34136,"Barfield, J",816676,.306,87,156,31,2,27,85,62,108,2,-13.0,5.0,https://baseball.pointstreak.com/team_stats.html?teamid=34136&seasonid=30100,510,2,9,8,135,6,OF,8,0
close,ALPB- 2014,28163,York Revolution,3614,"Patterson, E",434764,.301,94,150,35,17,15,86,66,103,26,-6.0,6.0,https://baseball.pointstreak.com/team_stats.html?teamid=3614&seasonid=28163,498,2,6,7,132,4,IF,6,2
close,ALPB- 2014,28163,Lancaster Barnstormers,3613,"Garner, C",612859,.313,84,166,38,5,26,92,28,114,18,-16.0,12.0,https://baseball.pointstreak.com/team_stats.html?teamid=3613&seasonid=28163,530,1,9,4,132,13,OF,6,2
close,ALPB- 2014,28163,Southern Maryland Blue Crabs,3608,"Opitz, J",585898,.282,83,136,24,4,18,78,43,86,8,-17.0,-2.0,https://baseball.pointstreak.com/team_stats.html?teamid=3608&seasonid=28163,482,3,9,13,129,3,2B,7,2
close,ALPB- 2013,21966,Somerset Patriots,3604,"Smith, C",367788,.269,82,138,29,0,20,84,45,85,11,-18.0,4.0,https://baseball.pointstreak.com/team_stats.html?teamid=3604&seasonid=21966,513,1,14,27,133,8,IF,12,0
close,ALPB- 2012,12585,Lancaster Barnstormers,3613,"Lentini, F",582166,.319,98,172,36,2,19,92,30,83,32,-2.0,12.0,https://baseball.pointstreak.com/team_stats.html?teamid=3613&seasonid=12585,539,8,19,5,136,7,OF,6,1
close,ALPB- 2012,12585,York Revolution,3614,"Nowak, C",151949,.285,81,132,28,1,34,107,71,87,10,-19.0,27.0,https://baseball.pointstreak.com/team_stats.html?teamid=3614&seasonid=12585,463,3,9,18,129,11,IF,3,0
close,ALPB- 2012,12585,Lancaster Barnstormers,3613,"Gailen, B",290236,.338,94,169,26,3,22,89,68,75,25,-6.0,9.0,https://baseball.pointstreak.com/team_stats.html?teamid=3613&seasonid=12585,500,6,13,3,134,3,OF,7,1
close,ALPB- 2012,12585,York Revolution,3614,"Perez, A",288351,.314,86,161,35,3,23,86,45,55,4,-14.0,6.0,https://baseball.pointstreak.com/team_stats.html?teamid=3614&seasonid=12585,512,1,12,13,132,5,2B,3,1
close,ALPB- 2012,12585,Camden Riversharks,3610,"Burgamy, B",1127208,.294,84,134,29,1,20,81,80,92,8,-16.0,1.0,https://baseball.pointstreak.com/team_stats.html?teamid=3610&seasonid=12585,456,4,9,18,126,10,3B,2,0
close,ALPB - 2011,540,Lancaster Barnstormers,3613,"Everidge, T",128903,.319,94,160,41,0,28,94,52,89,1,-6.0,14.0,https://baseball.pointstreak.com/team_stats.html?teamid=3613&seasonid=540,501,0,9,14,125,6,1B,5,0
close,ALPB - 2011,540,Long Island Ducks,3609,"Navarrete, R",127672,.242,86,119,20,0,27,79,54,95,0,-14.0,-1.0,https://baseball.pointstreak.com/team_stats.html?teamid=3609&seasonid=540,492,4,15,17,122,14,OF,5,0
close,ALPB - 2011,540,Bridgeport Bluefish,3611,"Moss, S",45553,.295,82,130,27,4,19,70,59,93,20,-18.0,-10.0,https://baseball.pointstreak.com/team_stats.html?teamid=3611&seasonid=540,441,5,4,2,120,7,OF,3,1
close,ALPB - 2010,249,Lancaster Barnstormers,3613,"Herr, A",45648,.321,91,163,35,0,23,103,37,110,4,-9.0,23.0,https://baseball.pointstreak.com/team_stats.html?teamid=3613&seasonid=249,508,2,15,17,127,4,3B,3,0
close,ALPB - 2010,249,York Revolution,3614,"Shanks, J",375161,.325,91,172,29,4,19,86,23,82,14,-9.0,6.0,https://baseball.pointstreak.com/team_stats.html?teamid=3614&seasonid=249,530,2,18,11,131,4,OF,8,2
close,ALPB - 2010,249,Lancaster Barnstormers,3613,"Nelson, B",45649,.288,84,158,28,0,22,91,36,43,4,-16.0,11.0,https://baseball.pointstreak.com/team_stats.html?teamid=3613&seasonid=249,549,7,14,28,135,1,SS,6,7
close,ALPB - 2010,249,Bridgeport Bluefish,3611,"Moss, S",45553,.321,88,143,24,8,22,83,56,89,5,-12.0,3.0,https://baseball.pointstreak.com/team_stats.html?teamid=3611&seasonid=249,446,3,10,5,115,7,OF,6,1
close,ALPB - 2010,249,York Revolution,3614,"Castro, R",49822,.339,81,141,37,2,8,85,67,60,2,-19.0,5.0,https://baseball.pointstreak.com/team_stats.html?teamid=3614&seasonid=249,416,2,21,8,109,10,IF,6,0
close,ALPB - 2010,249,Long Island Ducks,3609,"Esquivel, M",45571,.281,85,132,28,3,17,78,55,109,11,-15.0,-2.0,https://baseball.pointstreak.com/team_stats.html?teamid=3609&seasonid=249,469,4,16,6,127,2,OF,4,1
